﻿[
  {
    "Accounts_weekly__c": "Registro Nacional de Identificacion y Estado Civil",
    "Parent_Account_ID_18_Digit__c": null,
    "PARENT_ACCOUNT_NAME__c": null,
    "type": "Account",
    "Code__c": "001o0000016v0M6AAI",
    "Account_Owner_18_Digit_Id__c": "005o0000001E8eVAAS",
    "Name": "Registro Nacional de Identificacion y Estado Civil",
    "City__c": "Lima",
    "DUNS_NUMBER__c": null,
    "District__c": "Spanish South America",
    "ACCOUNT_SEGMENTATION_TYPE__c": "Commercial",
    "ORACLE_PERSON_ID__c": "157744",
    "Geo__c": "AMER",
    "INDUSTRY1__c": "Government",
    "Account_Owner_Name__c": "Martin Vela",
    "State__c": null,
    "Country__c": "Peru",
    "Sub_District__c": "SSA West",
    "Name__c": "Registro Nacional de Identificacion y Estado Civil",
    "ACCOUNT_STANDING__c": "Acquisition",
    "CMT_NAME__c": "LATAM",
    "SIC_DESC__c": null,
    "Sic": "9199",
    "VALIDATIONS__c": null,
    "AccountNumber": "193162",
    "AM_ROLE_TYPE__c": null,
    "SUB_DISTRICT_CODE__c": "SSA West",
    "Account_Record_Type__c": "Customer",
    "Id": null
  },
  {
    "Accounts_weekly__c": "Registro Nacional de las Personas",
    "Parent_Account_ID_18_Digit__c": null,
    "PARENT_ACCOUNT_NAME__c": null,
    "type": "Account",
    "Code__c": "001o0000011XvVwAAK",
    "Account_Owner_18_Digit_Id__c": "0051J000004xAkYQAU",
    "Name": "Registro Nacional de las Personas",
    "City__c": "Guatemala",
    "DUNS_NUMBER__c": null,
    "District__c": "Mexico & CAC",
    "ACCOUNT_SEGMENTATION_TYPE__c": "Commercial",
    "ORACLE_PERSON_ID__c": "330054",
    "Geo__c": "AMER",
    "INDUSTRY1__c": "Unknown",
    "Account_Owner_Name__c": "Maria De La Paz Mendoza Izaguirre",
    "State__c": null,
    "Country__c": "Guatemala",
    "Sub_District__c": "Mexico",
    "Name__c": "Registro Nacional de las Personas",
    "ACCOUNT_STANDING__c": "Acquisition",
    "CMT_NAME__c": "LATAM",
    "SIC_DESC__c": null,
    "Sic": "9999",
    "VALIDATIONS__c": null,
    "AccountNumber": "153201",
    "AM_ROLE_TYPE__c": null,
    "SUB_DISTRICT_CODE__c": "Mexico",
    "Account_Record_Type__c": "Customer",
    "Id": null
  },
  {
    "Accounts_weekly__c": "Registro Unico para la de Administracion Tributaria",
    "Parent_Account_ID_18_Digit__c": null,
    "PARENT_ACCOUNT_NAME__c": null,
    "type": "Account",
    "Code__c": "001o0000011XqZnAAK",
    "Account_Owner_18_Digit_Id__c": "005o0000001E8eVAAS",
    "Name": "Registro Unico para la de Administracion Tributaria",
    "City__c": "La Paz",
    "DUNS_NUMBER__c": null,
    "District__c": "Spanish South America",
    "ACCOUNT_SEGMENTATION_TYPE__c": "Commercial",
    "ORACLE_PERSON_ID__c": "157744",
    "Geo__c": "AMER",
    "INDUSTRY1__c": "Government",
    "Account_Owner_Name__c": "Martin Vela",
    "State__c": null,
    "Country__c": "Bolivia",
    "Sub_District__c": "SSA West",
    "Name__c": "Registro Unico para la de Administracion Tributaria",
    "ACCOUNT_STANDING__c": "Existing",
    "CMT_NAME__c": "LATAM",
    "SIC_DESC__c": null,
    "Sic": "9311",
    "VALIDATIONS__c": null,
    "AccountNumber": "178099",
    "AM_ROLE_TYPE__c": null,
    "SUB_DISTRICT_CODE__c": "SSA West",
    "Account_Record_Type__c": "Customer",
    "Id": null
  },
  {
    "Accounts_weekly__c": "Registro de InformaciÃ³n Catastral de Guatemala",
    "Parent_Account_ID_18_Digit__c": null,
    "PARENT_ACCOUNT_NAME__c": null,
    "type": "Account",
    "Code__c": "001o0000011XwySAAS",
    "Account_Owner_18_Digit_Id__c": "0051J000004xAkYQAU",
    "Name": "Registro de InformaciÃ³n Catastral de Guatemala",
    "City__c": "Guatemala",
    "DUNS_NUMBER__c": null,
    "District__c": "Mexico & CAC",
    "ACCOUNT_SEGMENTATION_TYPE__c": "Commercial",
    "ORACLE_PERSON_ID__c": "330054",
    "Geo__c": "AMER",
    "INDUSTRY1__c": null,
    "Account_Owner_Name__c": "Maria De La Paz Mendoza Izaguirre",
    "State__c": null,
    "Country__c": "Guatemala",
    "Sub_District__c": "Mexico",
    "Name__c": "Registro de InformaciÃ³n Catastral de Guatemala",
    "ACCOUNT_STANDING__c": "Acquisition",
    "CMT_NAME__c": "LATAM",
    "SIC_DESC__c": null,
    "Sic": null,
    "VALIDATIONS__c": null,
    "AccountNumber": "157576",
    "AM_ROLE_TYPE__c": null,
    "SUB_DISTRICT_CODE__c": "Mexico",
    "Account_Record_Type__c": "Customer",
    "Id": null
  },
  {
    "Accounts_weekly__c": "Registro Civil Nacional - Quito",
    "Parent_Account_ID_18_Digit__c": null,
    "PARENT_ACCOUNT_NAME__c": null,
    "type": "Account",
    "Code__c": "001o0000011XoJDAA0",
    "Account_Owner_18_Digit_Id__c": "005o0000001E8eVAAS",
    "Name": "Registro Civil Nacional - Quito",
    "City__c": "GUAYAQUIL",
    "DUNS_NUMBER__c": null,
    "District__c": "Spanish South America",
    "ACCOUNT_SEGMENTATION_TYPE__c": "Commercial",
    "ORACLE_PERSON_ID__c": "157744",
    "Geo__c": "AMER",
    "INDUSTRY1__c": "Government",
    "Account_Owner_Name__c": "Martin Vela",
    "State__c": null,
    "Country__c": "Ecuador",
    "Sub_District__c": "SSA West",
    "Name__c": "Registro Civil Nacional - Quito",
    "ACCOUNT_STANDING__c": "Acquisition",
    "CMT_NAME__c": "LATAM",
    "SIC_DESC__c": null,
    "Sic": "9199",
    "VALIDATIONS__c": null,
    "AccountNumber": "98272",
    "AM_ROLE_TYPE__c": null,
    "SUB_DISTRICT_CODE__c": "SSA West",
    "Account_Record_Type__c": "Customer",
    "Id": null
  },
  {
    "Accounts_weekly__c": "Registro de la Propiedad de Guayaquil",
    "Parent_Account_ID_18_Digit__c": null,
    "PARENT_ACCOUNT_NAME__c": null,
    "type": "Account",
    "Code__c": "001o0000011Xn57AAC",
    "Account_Owner_18_Digit_Id__c": "005o0000002RpIlAAK",
    "Name": "Registro de la Propiedad de Guayaquil",
    "City__c": "Guayaquil",
    "DUNS_NUMBER__c": null,
    "District__c": "Spanish South America",
    "ACCOUNT_SEGMENTATION_TYPE__c": "Commercial",
    "ORACLE_PERSON_ID__c": "31717",
    "Geo__c": "AMER",
    "INDUSTRY1__c": null,
    "Account_Owner_Name__c": "Daniel Scarafia",
    "State__c": null,
    "Country__c": "Ecuador",
    "Sub_District__c": null,
    "Name__c": "Registro de la Propiedad de Guayaquil",
    "ACCOUNT_STANDING__c": "Acquisition",
    "CMT_NAME__c": "LATAM",
    "SIC_DESC__c": null,
    "Sic": null,
    "VALIDATIONS__c": null,
    "AccountNumber": "25182",
    "AM_ROLE_TYPE__c": null,
    "SUB_DISTRICT_CODE__c": "SD - Spanish South America",
    "Account_Record_Type__c": "Customer",
    "Id": null
  },
  {
    "Accounts_weekly__c": "Regional Development Bank",
    "Parent_Account_ID_18_Digit__c": null,
    "PARENT_ACCOUNT_NAME__c": null,
    "type": "Account",
    "Code__c": "001o0000011Xz2LAAS",
    "Account_Owner_18_Digit_Id__c": "0051J000006JgbTQAS",
    "Name": "Regional Development Bank",
    "City__c": "Colombo",
    "DUNS_NUMBER__c": null,
    "District__c": "Sri Lanka",
    "ACCOUNT_SEGMENTATION_TYPE__c": "Commercial",
    "ORACLE_PERSON_ID__c": "380402",
    "Geo__c": "APAC",
    "INDUSTRY1__c": "Financial Services",
    "Account_Owner_Name__c": "Isuru Ponnamperuma",
    "State__c": null,
    "Country__c": "Sri Lanka",
    "Sub_District__c": null,
    "Name__c": "Regional Development Bank",
    "ACCOUNT_STANDING__c": "Acquisition",
    "CMT_NAME__c": "India",
    "SIC_DESC__c": null,
    "Sic": "6029",
    "VALIDATIONS__c": null,
    "AccountNumber": "105730",
    "AM_ROLE_TYPE__c": null,
    "SUB_DISTRICT_CODE__c": "SD - Sri Lanka",
    "Account_Record_Type__c": "Customer",
    "Id": null
  },
  {
    "Accounts_weekly__c": "Regione Lombardia",
    "Parent_Account_ID_18_Digit__c": null,
    "PARENT_ACCOUNT_NAME__c": null,
    "type": "Account",
    "Code__c": "0011J00001KmbkDQAR",
    "Account_Owner_18_Digit_Id__c": "005o0000004BXgxAAG",
    "Name": "Regione Lombardia",
    "City__c": null,
    "DUNS_NUMBER__c": null,
    "District__c": "Italy",
    "ACCOUNT_SEGMENTATION_TYPE__c": "Commercial",
    "ORACLE_PERSON_ID__c": "73975",
    "Geo__c": "EMEA",
    "INDUSTRY1__c": null,
    "Account_Owner_Name__c": "Gianluca Molgora",
    "State__c": null,
    "Country__c": "Italy",
    "Sub_District__c": "Italy - Channel",
    "Name__c": "Regione Lombardia",
    "ACCOUNT_STANDING__c": "Acquisition",
    "CMT_NAME__c": "Southern Region",
    "SIC_DESC__c": null,
    "Sic": null,
    "VALIDATIONS__c": null,
    "AccountNumber": null,
    "AM_ROLE_TYPE__c": null,
    "SUB_DISTRICT_CODE__c": "Italy - Channel",
    "Account_Record_Type__c": "Prospect",
    "Id": null
  },
  {
    "Accounts_weekly__c": "Regione Puglia",
    "Parent_Account_ID_18_Digit__c": null,
    "PARENT_ACCOUNT_NAME__c": null,
    "type": "Account",
    "Code__c": "0011J00001KmbkEQAR",
    "Account_Owner_18_Digit_Id__c": "005o0000004BXL1AAO",
    "Name": "Regione Puglia",
    "City__c": null,
    "DUNS_NUMBER__c": null,
    "District__c": "Italy",
    "ACCOUNT_SEGMENTATION_TYPE__c": "Enterprise",
    "ORACLE_PERSON_ID__c": "96766",
    "Geo__c": "EMEA",
    "INDUSTRY1__c": null,
    "Account_Owner_Name__c": "Marco Forti",
    "State__c": null,
    "Country__c": "Italy",
    "Sub_District__c": "Italy - Public Sector",
    "Name__c": "Regione Puglia",
    "ACCOUNT_STANDING__c": "Acquisition",
    "CMT_NAME__c": "Southern Region",
    "SIC_DESC__c": null,
    "Sic": null,
    "VALIDATIONS__c": null,
    "AccountNumber": null,
    "AM_ROLE_TYPE__c": null,
    "SUB_DISTRICT_CODE__c": "Italy - Public Sector",
    "Account_Record_Type__c": "Prospect",
    "Id": null
  },
  {
    "Accounts_weekly__c": "Regions Financial Corporation",
    "Parent_Account_ID_18_Digit__c": null,
    "PARENT_ACCOUNT_NAME__c": null,
    "type": "Account",
    "Code__c": "001o0000017HlTdAAK",
    "Account_Owner_18_Digit_Id__c": "005o0000004BZcXAAW",
    "Name": "Regions Financial Corporation",
    "City__c": "Hoover",
    "DUNS_NUMBER__c": null,
    "District__c": "Southeast",
    "ACCOUNT_SEGMENTATION_TYPE__c": "Enterprise",
    "ORACLE_PERSON_ID__c": "228661",
    "Geo__c": "AMER",
    "INDUSTRY1__c": null,
    "Account_Owner_Name__c": "Daniel Stefanek",
    "State__c": "Alabama",
    "Country__c": "United States",
    "Sub_District__c": null,
    "Name__c": "Regions Financial Corporation",
    "ACCOUNT_STANDING__c": "Acquisition",
    "CMT_NAME__c": "Eastern Division",
    "SIC_DESC__c": null,
    "Sic": null,
    "VALIDATIONS__c": null,
    "AccountNumber": null,
    "AM_ROLE_TYPE__c": null,
    "SUB_DISTRICT_CODE__c": "SD - Southeast",
    "Account_Record_Type__c": "Prospect",
    "Id": null
  }
]