{
  "Employee":
[
  {
      "id": 1001,
      "first_Name": "Nivetha",
      "gender": "Female",
      "qualification": "B.Tech",
      "last_Name": "G",
      "salary": 7320,
      "practices": "WorkDay"
  },
  {
      "id": 1002,
      "first_Name": "Swetha",
      "gender": "Female",
      "qualification": "Architect",
      "last_Name": "K",
      "salary": 2000,
      "practices": "Salesforce"
  },
  {
      "id": 1003,
      "first_Name": "Gowtham",
      "gender": "Male",
      "qualification": "PHD",
      "last_Name": "S",
      "salary": 7000,
      "practices": "Anaplan"
  },
  {
      "id": 200,
      "first_Name": "Pingu",
      "gender": "Male",
      "qualification": "M.tech",
      "last_Name": "N",
      "salary": 5000,
      "practices": "Ops"
  },
  {
      "id": 1005,
      "first_Name": "Subha",
      "gender": "Female",
      "qualification": "B.tech",
      "last_Name": "K",
      "salary": 1200,
      "practices": "Netsuite"
  },
  {
      "id": 1007,
      "first_Name": "Asma",
      "gender": "Female",
      "qualification": "B.VOC",
      "last_Name": "Begum",
      "salary": 95000,
      "practices": "Anaplan"
  },
  {
      "id": 1008,
      "first_Name": "Amrutha",
      "gender": "Female",
      "qualification": "B.Tech",
      "last_Name": "K",
      "salary": 3300,
      "practices": "Salesforce"
  },
  {
      "id": 1011,
      "first_Name": "Kirty",
      "gender": "Female",
      "qualification": "M.tech",
      "last_Name": "K",
      "salary": 1100,
      "practices": "Ops"
  },
  {
      "id": 1012,
      "first_Name": "Sarva",
      "gender": "male",
      "qualification": "PHD",
      "last_Name": "K",
      "salary": 2900,
      "practices": "Netsuite"
  },
  {
      "id": 1004,
      "first_Name": "Raju",
      "gender": "Male",
      "qualification": "M.Tech",
      "last_Name": "Archay",
      "salary": 2910,
      "practices": "Ops"
  },
  {
      "id": 1006,
      "first_Name": "Sharvesh",
      "gender": "Male",
      "qualification": "Architect",
      "last_Name": "Nandhan",
      "salary": 5000,
      "practices": "Workday"
  },
  {
      "id": 1009,
      "first_Name": "Krishnan",
      "gender": "Male",
      "qualification": "B.Tech",
      "last_Name": "R",
      "salary": 1000,
      "practices": "Anaplan"
  },
  {
      "id": 1014,
      "first_Name": "Raj",
      "gender": "Male",
      "qualification": "B.Tech",
      "last_Name": "M",
      "salary": 2100,
      "practices": "WorkDay"
  }
]
}